,id,PositiveTail 1,PositiveTail 2,PositiveTail 3,PositiveTail 4,PositiveTail 5,PositiveTail 6,PositiveTail 7
0,10388802-1,7,14,1,1,3,0,2
1,10666559-1,3,4,1,3,2,0,0
2,11353732-1,11,5,3,2,0,0,0
3,11422456-1,14,12,0,0,0,3,3
4,11502262-1,0,13,0,0,0,0,2
5,11576194-1,2,10,0,1,0,0,1
6,11683908-1,0,4,0,0,0,0,0
7,11698132-1,10,15,0,0,0,0,5
8,12139956-1,3,1,0,0,0,0,0
9,12183389-1,5,6,2,0,0,0,0
10,12194878-1,0,1,0,0,0,0,0
11,12208009-1,1,0,0,0,0,0,0
12,12417678-1,3,5,2,1,0,0,0
13,12417679-1,3,9,1,0,1,1,0
14,12457763-1,10,6,2,1,1,2,1
15,12566286-1,2,0,0,0,0,0,0
16,12713652-1,0,4,0,0,1,0,3
17,12725759-1,5,9,0,0,0,0,0
18,12773617-1,1,0,0,0,1,0,0
19,12805116-1,39,14,9,1,0,0,0
20,12821520-1,20,0,5,0,0,0,0
21,13679414-1,0,0,0,0,0,0,0
22,14615072-1,5,9,4,2,1,2,0
23,14683699-1,5,6,0,0,0,0,0
24,14689505-1,4,7,2,0,1,2,3
25,15050583-1,2,0,1,0,1,1,0
26,15064407-1,2,2,0,1,0,1,0
27,15157428-1,4,2,1,1,0,0,0
28,15193617-1,18,5,2,0,0,0,0
29,15219608-1,6,7,0,0,0,1,0
30,15528098-1,0,6,0,0,0,0,2
31,15537676-1,3,5,2,0,1,0,0
32,15546700-1,6,9,1,4,2,0,1
33,15670688-1,12,7,0,3,2,0,0
34,15670690-1,1,2,0,0,0,0,1
35,15689557-1,9,5,0,0,0,0,0
36,15704151-1,1,0,0,0,0,0,0
37,15721179-1,4,3,3,0,0,0,0
38,15728742-1,0,8,0,0,0,0,0
39,15728761-1,5,7,0,1,0,1,0
40,15769488-1,7,1,0,0,0,0,1
41,15772360-1,7,5,1,2,0,0,0
42,15784424-1,3,0,0,0,0,0,0
43,15811551-1,2,7,0,0,2,0,2
44,15817169-1,16,11,10,1,5,0,0
45,15850739-1,10,7,0,0,1,0,5
46,15854792-1,5,2,0,0,0,0,0
47,15869492-1,11,2,5,3,2,2,0
48,15919215-1,7,1,4,1,0,0,0
49,15953711-1,6,6,2,0,0,0,0
50,15955491-1,2,1,0,1,0,0,0
51,15955493-1,1,2,3,0,0,0,0
52,15961050-1,5,4,0,0,0,0,1
53,15982902-1,8,13,1,0,0,2,0
54,16027012-1,27,27,3,6,2,4,5
55,16049191-1,0,1,0,0,0,0,0
56,16079408-1,3,5,1,0,0,0,0
57,16084739-1,8,4,3,1,1,0,1
58,16168731-1,11,4,1,1,0,0,0
59,16242350-1,1,2,0,0,0,0,0
60,16242924-1,1,0,0,0,0,0,0
61,16257547-1,0,0,0,0,0,0,0
62,16290017-1,8,8,0,2,0,2,0
63,16414279-1,1,4,3,2,1,0,0
64,16480749-1,3,7,0,2,0,1,0
65,16492377-1,5,6,1,1,0,2,0
66,16513147-1,7,15,0,4,0,1,2
67,16513369-1,3,3,1,1,1,1,0
68,16525800-1,4,3,0,1,0,0,2
69,16624583-1,10,13,3,2,5,0,2
70,16740379-1,2,2,0,0,0,0,0
71,16757006-1,0,1,2,0,0,0,0
72,16759672-1,1,3,0,1,0,0,0
73,16769093-1,4,9,1,1,0,0,0
74,16837057-1,5,1,2,0,1,0,0
75,16899645-1,4,0,1,0,0,0,0
76,16919479-1,15,23,1,2,0,2,4
77,16930636-1,5,6,0,0,0,0,0
78,16959412-1,5,6,0,0,0,2,0
79,17008145-1,6,5,5,0,0,3,0
80,17088375-1,6,1,1,2,0,0,0
81,17150375-1,1,0,1,0,0,0,0
82,17204820-1,13,21,1,1,0,0,0
83,17204822-1,8,4,0,0,1,0,0
84,17204823-1,15,1,6,0,0,0,1
85,17449068-1,4,6,1,1,0,1,0
86,17572110-1,26,15,3,3,1,0,7
87,17631361-1,30,25,0,8,6,1,2
88,17644222-1,0,0,0,0,0,0,0
89,17651006-1,4,32,0,0,0,1,3
90,17689983-1,2,0,0,0,0,0,0
91,17711573-1,13,17,2,9,2,0,3
92,17881109-1,7,3,0,2,0,0,0
93,17905481-1,8,5,1,0,0,0,0
94,17948885-1,4,1,2,2,0,2,1
95,18155254-1,0,3,0,0,0,0,0
96,18160644-1,20,7,8,4,0,0,0
97,18165281-1,7,3,0,1,0,0,0
98,18165283-1,2,0,0,0,0,0,0
99,18184572-1,3,4,0,1,0,0,1
100,18243736-1,6,2,0,1,0,0,0
101,18274617-1,7,1,4,0,0,1,0
102,18279361-1,2,6,0,0,0,0,1
103,18294660-1,5,6,1,1,0,2,1
104,18321871-1,1,6,0,0,0,0,1
105,18322013-1,3,2,1,0,0,0,0
106,18420234-1,11,5,7,0,0,3,1
107,18455740-1,3,1,2,0,0,0,0
108,18471837-1,42,2,0,9,0,0,0
109,18510447-1,10,13,6,2,0,0,0
110,18564040-1,3,7,1,0,0,0,0
111,18588987-1,1,5,1,1,1,0,1
112,18614265-1,2,2,0,1,0,0,0
113,18619668-1,4,4,0,0,0,0,0
114,18619985-1,8,4,2,1,0,0,2
115,18649352-1,3,7,0,1,0,1,0
116,18675364-1,5,0,1,0,1,1,0
117,18760691-1,8,0,2,2,0,0,0
118,18786512-1,0,1,0,0,0,0,0
119,18820289-1,1,4,0,0,0,0,0
120,18823239-1,15,7,9,2,3,0,0
121,18823245-1,4,8,0,0,0,0,0
122,18973817-1,16,10,2,3,0,2,0
123,19038275-1,6,7,0,0,1,0,0
124,19058792-1,2,6,0,2,0,0,2
125,19074015-1,7,7,0,3,0,1,0
126,19084220-1,6,5,0,0,0,0,0
127,19110014-1,12,7,2,1,3,1,3
128,19146963-1,5,7,1,1,1,1,1
129,19176280-1,11,9,0,1,1,1,2
130,19199424-1,0,0,0,0,0,0,0
131,19240137-1,2,14,0,1,1,2,0
132,19272364-1,12,6,1,2,0,1,1
133,19279244-1,30,9,5,0,0,2,0
134,19281849-1,2,1,0,0,0,0,0
135,19285142-1,9,7,1,3,0,0,1
136,19301994-1,9,5,3,0,0,1,1
137,19383503-1,4,4,2,1,1,2,0
138,19386910-1,2,9,2,1,0,0,1
139,19400677-1,7,8,0,1,0,0,0
140,19413478-1,1,1,0,0,1,0,0
141,19428683-1,5,1,0,1,0,0,0
142,19445606-1,19,5,3,5,0,0,0
143,19457376-1,4,4,0,1,0,1,0
144,19501072-1,5,2,1,0,0,0,0
145,19505443-1,0,1,1,1,0,0,1
146,19524090-1,20,9,4,5,0,0,0
147,19524092-1,23,2,4,4,0,0,0
148,19553452-1,2,0,5,0,0,0,0
149,19553466-1,2,0,0,0,0,0,0
150,19559070-1,0,5,0,0,0,0,0
151,19647800-1,7,10,0,3,0,0,1
152,19674742-1,0,5,0,0,3,0,0
153,19702458-1,2,1,0,0,0,0,0
154,19707568-1,3,3,0,2,3,0,0
155,19720071-1,4,2,4,0,2,0,0
156,19720072-1,18,3,12,0,0,0,0
157,19725251-1,8,8,2,1,0,0,0
158,19732835-1,2,0,2,0,0,0,0
159,19733581-1,1,1,1,0,0,0,0
160,19744566-1,5,2,0,0,0,0,0
161,19786107-1,6,0,4,0,0,0,0
162,19835893-1,6,3,1,2,1,0,0
163,19837173-1,6,8,1,0,0,0,1
164,19837178-1,11,13,6,0,1,3,2
165,19895564-1,11,2,1,0,0,0,0
166,19909817-1,12,8,0,2,0,3,1
167,19925208-1,7,3,3,0,0,1,0
168,19945471-1,5,5,1,0,1,1,1
169,20007242-1,2,1,0,1,0,0,0
170,20007783-1,3,0,1,0,0,0,0
171,20012682-1,14,12,0,8,3,0,1
172,20045478-1,6,5,1,0,0,0,0
173,20060480-1,3,10,0,1,0,2,2
174,20079444-1,3,0,1,1,0,0,0
175,20097295-1,12,7,2,1,1,0,0
176,20123026-1,11,9,2,3,0,0,0
177,20147540-1,8,1,3,0,0,0,0
178,20156657-1,0,0,0,0,0,0,1
179,20226767-1,0,2,0,0,0,0,1
180,20232398-1,2,0,3,0,0,0,0
181,20303392-1,5,10,1,0,0,0,0
182,20336690-1,1,2,0,1,0,0,1
183,20350180-1,1,2,1,1,0,0,1
184,20363808-1,7,5,2,0,0,0,0
185,20385169-1,23,7,7,4,0,1,2
186,20399796-1,15,2,2,3,0,0,1
187,20420925-1,14,12,1,1,0,0,0
188,20558088-1,2,0,1,0,0,1,0
189,20600998-1,10,26,2,4,2,0,4
190,20617887-1,6,0,3,2,0,0,0
191,20624599-1,20,12,1,4,1,0,1
192,20631183-1,6,0,3,0,0,0,0
193,20637787-1,4,3,1,0,0,0,2
194,20740073-1,2,0,0,1,0,0,0
195,20800687-1,2,1,0,0,0,0,0
196,20832483-1,0,0,0,0,0,0,0
197,20957158-1,2,1,0,0,0,0,1
198,20974213-1,1,0,0,1,0,0,0
199,21048124-1,2,1,3,0,0,0,0
200,21259387-1,5,2,4,1,1,0,0
201,21262244-1,44,24,16,6,2,0,4
202,21265605-1,5,7,0,0,1,0,1
203,21282317-1,3,3,1,0,0,0,0
204,21316476-1,81,28,6,3,0,2,0
205,21326612-1,3,2,3,0,0,3,0
206,21436048-1,2,1,0,0,0,0,0
207,21452939-1,1,8,0,0,0,0,0
208,21455941-1,5,8,0,2,0,0,0
209,21494597-1,3,1,1,1,0,0,0
210,21549721-1,11,2,0,1,0,0,0
211,21550407-1,8,8,1,2,0,1,1
212,21561699-1,4,6,5,3,1,1,1
213,21575660-1,9,5,2,3,2,0,0
214,21589884-1,3,1,2,0,0,0,0
215,21600227-1,13,26,3,1,3,0,0
216,21600991-1,0,1,0,0,0,0,0
217,21613466-1,0,4,0,0,1,0,0
218,21640981-1,3,5,0,1,0,0,0
219,21671743-1,10,9,2,1,0,1,0
220,21683723-1,6,10,3,0,0,0,0
221,21736451-1,6,3,0,2,0,0,0
222,21736454-1,10,7,4,0,2,0,1
223,21777596-1,8,18,1,0,2,0,3
224,21803063-1,22,10,4,2,6,0,4
225,21810986-1,4,1,4,0,0,1,0
226,21880922-1,16,11,4,6,1,0,2
227,21935483-1,16,8,5,0,0,0,2
228,21945808-1,7,3,3,0,0,1,1
229,22001165-1,6,4,5,2,0,0,0
230,22001264-1,6,6,0,0,0,0,0
231,22015853-1,0,0,1,0,0,0,3
232,22024505-1,5,4,0,0,0,0,0
233,22040905-1,10,4,2,2,0,0,1
234,22049444-1,1,2,0,1,0,0,0
235,22066586-1,1,1,1,0,0,0,1
236,22069387-1,6,0,0,0,0,0,0
237,22079921-1,2,2,0,0,0,0,0
238,22114083-1,6,1,2,0,0,0,0
239,22230115-1,21,0,23,0,0,0,0
240,22242196-1,1,5,1,0,0,0,0
241,22288392-1,10,6,1,0,0,0,1
242,22305991-1,13,9,7,0,0,0,1
243,22347857-1,1,0,0,1,0,0,0
244,22349799-1,1,0,1,0,0,0,0
245,22360275-1,4,3,1,1,0,0,0
246,22386970-1,4,4,1,0,1,2,0
247,22412928-1,1,0,0,0,0,0,0
248,22421385-1,22,9,7,1,3,2,1
249,22422512-1,3,0,1,0,0,0,0
250,22446489-1,20,18,6,2,0,4,4
251,22465843-1,2,2,0,0,0,0,0
252,22584225-1,48,33,4,5,1,0,0
253,22728150-1,1,1,1,0,0,0,0
254,22753179-1,4,4,1,0,0,1,0
255,22787051-1,2,0,1,0,0,0,0
256,22807169-1,8,0,9,0,0,0,0
257,22815515-1,16,16,4,2,1,3,4
258,22846335-1,2,0,1,0,0,0,0
259,22855822-1,10,15,6,1,2,3,4
260,22877840-1,12,8,4,2,3,0,1
261,22884936-1,5,3,1,0,1,0,1
262,22902538-1,4,4,2,0,2,1,0
263,22981810-1,1,1,1,0,0,0,0
264,22981890-1,0,2,0,2,0,0,0
265,23019246-1,11,6,0,2,0,0,0
266,23026757-1,1,0,0,0,0,0,0
267,23028774-1,4,3,1,1,0,0,0
268,23036282-1,8,1,2,3,0,0,0
269,23084971-1,2,1,1,2,1,0,1
270,23110678-1,7,2,0,1,0,0,0
271,23136408-1,5,2,0,2,0,0,1
272,23147501-1,1,0,0,0,0,0,0
273,23149036-1,1,0,1,0,0,0,0
274,23201363-1,7,3,1,2,1,1,1
275,23206530-1,19,20,1,0,1,0,2
276,23207576-1,5,3,0,0,0,0,0
277,23219676-1,20,4,6,4,2,0,0
278,23249350-1,4,6,1,1,0,1,0
279,23266012-1,3,0,1,1,0,0,0
280,23292620-1,2,6,3,1,1,1,2
281,23314939-1,6,3,2,0,1,0,0
282,23376052-1,17,8,4,2,2,2,0
283,23384193-1,11,5,0,3,2,3,2
284,23435209-1,17,9,2,0,1,15,0
285,23482628-1,7,2,2,1,0,0,0
286,23484632-1,11,3,7,1,0,0,1
287,23536785-1,12,8,2,0,1,0,0
288,23542499-1,0,1,0,0,0,0,0
289,23553546-1,5,0,2,2,0,0,0
290,23578576-1,13,9,0,3,0,2,1
291,23593393-1,4,5,0,0,0,0,1
292,23638050-1,7,2,0,2,0,0,0
293,23734122-1,16,12,4,3,0,0,0
294,23761912-1,6,2,1,1,0,0,0
295,23770536-1,0,1,0,0,0,0,0
296,23918599-1,2,3,1,1,0,0,0
297,23936055-1,9,3,2,1,1,1,0
298,23954715-1,9,10,5,0,0,0,0
299,23962957-1,0,2,0,0,0,0,0
300,24009565-1,17,2,9,0,0,0,0
301,24009657-1,5,5,0,0,0,0,0
302,24094578-1,3,4,4,0,1,0,0
303,24108799-1,8,9,3,3,2,0,0
304,24144246-1,10,5,1,2,0,0,0
305,24171733-1,14,4,9,8,1,0,1
306,24177990-1,4,5,0,0,0,0,0
307,24269803-1,0,2,1,0,0,0,1
308,24269856-1,12,5,2,2,1,1,1
309,24283491-1,8,7,3,0,0,0,2
310,24315838-1,12,9,0,1,2,1,2
311,24367516-1,17,5,1,5,0,0,0
312,24389503-1,6,10,1,0,0,0,0
313,24427267-1,5,0,1,0,0,0,0
314,24478656-1,7,2,2,0,0,0,0
315,24486613-1,2,0,1,0,0,0,0
316,24493842-1,0,0,0,0,0,0,0
317,24495660-1,1,2,0,1,0,1,0
318,24523939-1,5,4,0,1,1,0,1
319,24564466-1,4,8,0,0,0,0,0
320,24564467-1,2,0,1,0,0,0,0
321,24603021-1,4,3,0,1,0,0,1
322,24608131-1,6,8,1,1,0,0,0
323,24615858-1,4,5,0,1,0,1,0
324,24616684-1,0,4,2,0,0,2,0
325,24639328-1,0,0,1,0,1,0,0
326,24700584-1,5,5,0,0,0,1,0
327,24800630-1,3,3,1,0,0,0,1
328,24824899-1,4,5,0,0,0,0,0
329,24825621-1,11,15,0,1,1,0,0
330,24828546-1,6,1,6,2,0,0,0
331,24857714-1,5,1,2,1,0,0,0
332,24859815-1,4,7,0,2,0,2,2
333,24872520-1,5,3,2,1,0,2,2
334,24880754-1,1,6,0,0,0,0,0
335,24917798-1,8,0,5,0,0,0,0
336,24946317-1,34,16,3,1,0,3,0
337,24983713-1,3,2,0,1,1,0,0
338,24984192-1,0,0,0,0,0,0,0
339,25009519-1,2,2,0,0,2,0,0
340,25050426-1,3,2,0,0,0,1,0
341,25064431-1,2,1,0,0,0,0,0
342,25067820-1,2,2,0,2,0,0,0
343,25149192-1,2,5,1,0,1,0,2
344,25152237-1,1,1,0,0,0,0,0
345,25177285-1,55,20,6,8,0,3,0
346,25264353-1,2,2,0,0,0,0,2
347,25313659-1,4,1,0,0,0,0,0
348,25332108-1,5,6,0,0,0,1,0
349,25414658-1,2,0,0,2,0,0,0
350,25447064-1,19,6,2,2,1,4,3
351,25499146-1,5,10,0,3,1,0,2
352,25505319-1,5,9,0,4,2,0,0
353,25541365-1,3,13,0,1,2,3,1
354,25575881-1,3,8,0,2,0,0,0
355,25579447-1,30,34,9,6,2,0,5
356,25583615-1,4,1,0,0,0,1,0
357,25623846-1,7,0,6,0,0,0,0
358,25623847-1,4,2,0,0,0,1,0
359,25631058-1,6,3,2,1,0,0,1
360,25716853-1,5,14,0,0,0,1,4
361,25773646-1,14,3,2,8,3,1,0
362,25826338-1,5,0,3,0,0,0,0
363,25868676-1,14,6,1,0,0,14,1
364,25892594-1,2,1,1,0,0,0,0
365,25919972-1,11,7,1,2,0,0,0
366,25925269-1,7,1,1,0,0,0,0
367,25989444-1,5,6,0,0,1,0,0
368,26004057-1,0,0,2,0,0,0,0
369,26311775-1,1,2,1,0,0,0,0
370,26351995-1,1,1,0,0,0,0,0
371,26459096-1,13,6,3,1,0,0,0
372,26511235-1,2,0,1,0,0,0,0
373,26539162-1,2,0,1,0,0,0,0
374,26559474-1,2,2,0,0,0,0,0
375,26673112-1,2,4,0,0,0,0,0
376,26683080-1,0,6,1,1,0,0,0
377,26683385-1,5,14,0,0,1,1,0
378,26691735-1,1,11,0,1,1,2,0
379,26807336-1,18,10,3,1,0,2,1
380,26831102-1,0,9,0,0,4,0,3
381,26888619-1,5,4,1,0,0,0,0
382,26892860-1,1,2,0,0,0,0,0
383,26900967-1,2,2,1,0,1,0,0
384,27054401-1,6,7,1,3,2,1,0
385,27091676-1,12,7,2,1,1,0,0
386,27143433-1,2,2,0,0,0,0,0
387,27155127-1,4,6,2,1,1,0,1
388,27158567-1,3,0,0,0,0,0,0
389,27171178-1,9,1,2,0,0,0,0
390,27208693-1,3,2,0,0,0,0,0
391,27291335-1,23,18,1,1,0,1,0
392,27311641-1,1,3,1,0,0,0,0
393,27338616-1,3,2,0,0,0,0,0
394,27343687-1,7,1,2,2,0,0,1
395,27373768-1,6,9,1,1,0,0,1
396,27378884-1,20,4,0,3,1,1,0
397,27461077-1,3,4,0,1,0,0,0
398,27474869-1,0,0,0,0,0,0,0
399,27592810-1,6,1,1,1,0,0,0
400,27601666-1,9,4,4,3,0,0,0
401,27665526-1,10,3,15,1,1,1,0
402,27688934-1,0,11,0,0,2,1,0
403,27697593-1,9,5,1,2,1,1,0
404,27745847-1,7,4,0,4,0,3,0
405,27856312-1,0,0,0,0,0,0,1
406,27897678-1,15,19,9,3,5,0,5
407,27923474-1,18,15,1,1,1,0,0
408,28073651-1,14,14,4,3,0,1,0
409,28093279-1,18,0,2,9,1,0,0
410,28105009-1,31,13,7,0,0,1,1
411,28159685-1,5,2,2,1,0,0,0
412,28161030-1,8,6,1,4,0,0,0
413,28179554-1,39,24,3,6,2,0,1
414,28202612-1,2,0,0,0,0,0,0
415,28245989-1,23,16,3,2,1,3,2
416,28256199-1,4,0,0,0,0,1,0
417,28318498-1,0,0,2,0,0,0,0
418,28352220-1,7,3,0,0,3,0,0
419,28499558-1,5,4,0,0,1,0,0
420,28544942-1,7,2,0,0,0,0,0
421,28559378-1,7,9,5,1,0,0,3
422,28611613-1,0,3,0,0,0,0,0
423,28625660-1,6,3,1,1,0,0,0
424,28633886-1,19,22,1,3,2,0,2
425,28697998-1,1,1,0,0,0,0,0
426,28733247-1,3,0,0,0,0,0,0
427,28803854-1,0,0,0,0,0,1,0
428,28886406-1,1,2,0,0,1,0,1
429,29040763-1,2,1,3,2,0,0,0
430,29161358-1,6,8,1,0,1,0,0
431,29217684-1,8,8,2,4,1,3,1
432,29391248-1,6,5,0,1,1,0,0
433,29654876-1,4,5,1,2,0,0,0
